Brand,Product Name,Refurbished/New,Color ,Ram,Storage,Product Cost,Product Ratings,Product Review
Samsung, Samsung Galaxy F12 ,Refurbished,  Sea Green,4.00,128.00,9699.00,3.00,16.00
Samsung,Samsung Galaxy A14   ,New,Dark Red ,6.00,128.00,17999.00,3.00,16.00
Samsung, Samsung Galaxy Note 20 ,Refurbished,  Mystic Green,8.00,256.00,33399.00,3.00,75.00
Samsung, Samsung Galaxy A33  ,Refurbished, Orange ,8.00,128.00,19399.00,5.00,1.00
Samsung,Samsung Galaxy S23  ,New,Green  ,8.00,256.00,67200.00,4.00,11.00
Samsung, Samsung Galaxy F41 ,New,  Fusion Blue,6.00,64.00,12093.00,3.00,76.00
Samsung, Samsung Galaxy M11 ,New,  Black,4.00,64.00,9514.00,4.00,40.00
Samsung, Samsung Galaxy A33  ,Refurbished, Black ,6.00,128.00,18699.00,3.00,13.00
Samsung, Samsung Galaxy S23 Ultra  ,Refurbished, Phantom Black,12.00,256.00,102640.00,3.00,5.00
Samsung, Samsung Galaxy A34  ,Refurbished,  Awesome Silver,8.00,128.00,23999.00,3.00,5.00
Samsung, Samsung Galaxy A53 ,Refurbished, Black ,6.00,128.00,20999.00,3.00,15.00
Samsung, Samsung Galaxy M13 ,Refurbished,  Midnight Blue,6.00,128.00,20999.00,4.00,155.00
Samsung, Samsung Galaxy S22  ,Refurbished,  Bora Purple,8.00,128.00,45299.00,5.00,3.00
Samsung, Samsung Galaxy S21 Ultra,Refurbished, Ultra Phantom Black,12.00,256.00,51990.00,3.00,69.00
Samsung, Samsung Galaxy A33   ,Refurbished, Light Blue,8.00,128.00,18699.00,3.00,12.00
Samsung, Samsung Galaxy A34  ,Refurbished,  Awesome Graphite,8.00,256.00,24997.00,3.00,1.00
Samsung, Samsung Galaxy S23 Ultra  ,Refurbished, Ultra Phantom Black,12.00,512.00,114748.00,5.00,1.00
Samsung, Samsung Galaxy S22 Ultra  ,Refurbished, Ultra Green,12.00,256.00,72248.00,4.00,56.00
Samsung, Samsung Galaxy Note 20 ,Refurbished,  Mystic Bronze,8.00,256.00,33399.00,3.00,75.00
Samsung, Samsung Galaxy A14  ,Refurbished,  Light Green,8.00,128.00,15998.00,2.00,1.00
Samsung, Samsung Galaxy S23  ,Refurbished,  Phantom Black,8.00,256.00,59999.00,3.00,1.00
Samsung, Samsung Galaxy S21 FE  ,Refurbished,  Lavender,8.00,128.00,26999.00,4.00,82.00
Samsung, Samsung Galaxy S23  ,Refurbished,  Cream,8.00,256.00,59990.00,4.00,8.00
Samsung, Samsung Galaxy A23 ,Refurbished,Silver  ,8.00,128.00,18359.00,3.00,2.00
Samsung,Samsung Galaxy M13  ,New,Aqua Green ,4.00,64.00,9999.00,4.00,30104.00
Samsung,Samsung Galaxy M04  ,New,Dark Blue,4.00,64.00,7499.00,4.00,15878.00
Samsung,Samsung Galaxy M04  ,New,Light Green ,4.00,64.00,7499.00,4.00,15878.00
Samsung,Samsung Galaxy A54   ,New,Awesome Violet ,8.00,256.00,38999.00,4.00,735.00
Samsung,Samsung Galaxy M04  ,New,Light Green ,4.00,128.00,8499.00,4.00,15878.00
Samsung,Samsung Galaxy M04  ,New,Dark Blue,4.00,128.00,8499.00,4.00,15878.00
Samsung,Samsung Galaxy M14  ,New,Smoky Teal ,6.00,128.00,13990.00,4.00,14043.00
Samsung,Samsung Galaxy M34  ,New,Midnight Blue ,8.00,256.00,22499.00,4.00,9114.00
Samsung,Samsung Galaxy M13  ,New,Stardust Brown ,4.00,64.00,9999.00,4.00,30104.00
Samsung,Samsung Galaxy M13  ,New,Midnight Blue ,4.00,64.00,9999.00,4.00,30104.00
Samsung,Samsung Galaxy A14   ,New,Black  ,6.00,128.00,16999.00,4.00,1362.00
Samsung,Samsung Galaxy M14  ,New,Berry Blue ,6.00,128.00,13990.00,4.00,14043.00
Samsung,Samsung Galaxy M34  ,New,Prism Silver ,6.00,128.00,18499.00,4.00,9114.00
Samsung,Samsung Galaxy M34  ,New,Prism Silver ,8.00,128.00,20499.00,4.00,9114.00
Samsung,Samsung Galaxy M34  ,New,Waterfall Blue ,8.00,128.00,20499.00,4.00,9114.00
Samsung,Samsung Galaxy A34   ,New,Awesome Lime ,8.00,256.00,30999.00,4.00,1340.00
Samsung,Samsung Galaxy Z Flip  ,New,Black  ,8.00,256.00,40999.00,3.00,127.00
Samsung,Samsung Galaxy M34  ,New,Waterfall Blue ,8.00,256.00,22499.00,4.00,9114.00
Samsung,Samsung Galaxy A54   ,New,Awesome Graphite ,8.00,256.00,38999.00,4.00,735.00
Samsung,Samsung Galaxy M34  ,New,Midnight Blue ,6.00,128.00,18499.00,4.00,9114.00
Samsung,Samsung Galaxy F54   ,New,Stardust Silver ,8.00,256.00,25430.00,3.00,45.00
Samsung,Samsung Galaxy A34   ,New,Awesome Graphite ,8.00,128.00,28999.00,4.00,1340.00
Samsung,Samsung Galaxy M34  ,New,Prism Silver ,8.00,256.00,22499.00,4.00,9114.00
Samsung,Samsung Galaxy A34   ,New,Awesome Silver ,8.00,128.00,28999.00,4.00,1340.00
Samsung,Samsung Galaxy S23 FE  ,New,Graphite  ,8.00,128.00,59999.00,4.00,208.00
Samsung,Samsung Galaxy M34  ,New,Prism Silver ,8.00,128.00,20499.00,4.00,9114.00
Samsung,Samsung Galaxy M14  ,New,ICY Silver ,4.00,128.00,12490.00,4.00,14043.00
Samsung,Samsung Galaxy S21 FE   ,New,  Cloud Navy,8.00,256.00,34555.00,5.00,1.00
Samsung, Samsung Galaxy S20 FE ,Refurbished,  Cloud Navy,8.00,128.00,18599.00,4.00,488.00
Samsung,Samsung Galaxy M14  ,New,Smoky Teal ,4.00,128.00,12490.00,4.00,14043.00
Samsung,Samsung Galaxy M14  ,New,ICY Silver ,6.00,128.00,13990.00,4.00,14043.00
Samsung,Samsung Galaxy M32   ,New,Sky Blue ,6.00,128.00,16999.00,4.00,33399.00
Samsung,Samsung Galaxy A13 ,New,Black  ,6.00,128.00,16999.00,4.00,1354.00
Samsung,Samsung Galaxy A14   ,New,Light Green ,6.00,128.00,16999.00,4.00,1362.00
Samsung,Samsung Galaxy M34  ,New,Waterfall Blue ,6.00,128.00,18499.00,4.00,9114.00
Samsung,Samsung Galaxy A14   ,New,Dark Red ,8.00,128.00,18999.00,4.00,1362.00
Samsung,Samsung Galaxy M14  ,New,Berry Blue ,4.00,128.00,12490.00,4.00,14043.00
Samsung,Samsung Galaxy S23 FE  ,New,Purple  ,8.00,128.00,59999.00,4.00,208.00
Samsung,Samsung Galaxy A54   ,New,Awesome Graphite ,8.00,256.00,38999.00,4.00,735.00
Samsung,Samsung Galaxy A34   ,New,Awesome Silver ,8.00,128.00,28999.00,4.00,1340.00
Samsung,Samsung Galaxy A34   ,New,Awesome Violet ,8.00,256.00,30999.00,4.00,1340.00
Samsung,Samsung Galaxy A04e  ,New,Copper  ,3.00,64.00,9999.00,4.00,109.00
Samsung,Samsung Galaxy S21 FE  ,New,Olive  ,8.00,128.00,31479.00,4.00,1420.00
Samsung,Samsung Galaxy Z Flip4   ,New,Graphite  ,8.00,256.00,84999.00,3.00,169.00
Samsung,Samsung Galaxy S23 FE  ,New,Graphite  ,8.00,256.00,64999.00,4.00,208.00
Samsung,Samsung Galaxy F54   ,New,Meteor Blue ,8.00,256.00,24990.00,4.00,77.00
Samsung,Samsung Galaxy A54   ,New,Awesome Lime ,8.00,256.00,38999.00,4.00,735.00
Samsung,Samsung Galaxy A23  ,New,Light Blue ,8.00,128.00,23999.00,4.00,719.00
Samsung,Samsung Galaxy S23  ,New,Green  ,8.00,256.00,79999.00,4.00,1222.00
Samsung,Samsung Galaxy S22 Ultra   ,New,Green  ,12.00,256.00,84999.00,4.00,2182.00
Samsung,Samsung Galaxy S23  ,New,Cream  ,8.00,256.00,79999.00,4.00,1222.00
Samsung,Samsung Galaxy S23 FE  ,New,Purple  ,8.00,256.00,64999.00,4.00,208.00
Samsung,Samsung Galaxy A14   ,New,Black  ,4.00,64.00,14499.00,4.00,1362.00
Samsung,Samsung Galaxy S23 FE  ,New,Mint  ,8.00,128.00,59999.00,4.00,208.00
Samsung,Samsung Galaxy M34  ,New,Midnight Blue ,6.00,128.00,18499.00,4.00,9114.00
Samsung,Samsung Galaxy A34   ,New,Awesome Lime ,8.00,128.00,28999.00,4.00,1340.00
Samsung,Samsung Galaxy A23  ,New,Light Blue ,6.00,128.00,21999.00,4.00,719.00
Samsung,Samsung Galaxy S23  ,New,Cream  ,8.00,128.00,74999.00,4.00,1222.00
Samsung,Samsung Galaxy Z Flip5  ,New,Lavender  ,8.00,512.00,109999.00,4.00,186.00
Samsung,Samsung Galaxy Z Flip5  ,New,Graphite  ,8.00,256.00,99999.00,4.00,186.00
Samsung,Samsung Galaxy S23 FE  ,New,Mint  ,8.00,128.00,59999.00,4.00,208.00
Samsung,Samsung Galaxy Z Flip5  ,New,Mint  ,8.00,256.00,99999.00,4.00,186.00
Samsung,Samsung Galaxy Note10+ ,New,Aura Black ,12.00,256.00,53798.00,4.00,687.00
Samsung,Samsung Galaxy S21 FE   ,New,  Olive,8.00,256.00,34190.00,4.00,17.00
Samsung,Samsung Galaxy Z Flip5  ,New,Graphite  ,8.00,512.00,109999.00,4.00,186.00
Samsung,Samsung Galaxy S23 Ultra  ,New,Green  ,12.00,512.00,134999.00,4.00,742.00
Samsung,Samsung Galaxy Z Flip5  ,New,Cream  ,8.00,256.00,99999.00,4.00,186.00
Samsung,Samsung Galaxy A54   ,New,Awesome Graphite ,8.00,128.00,36999.00,4.00,735.00
Samsung,Samsung Galaxy A14   ,New,Dark Red ,8.00,128.00,18999.00,4.00,1362.00
Samsung,Samsung F14  ,New,OMG Black ,6.00,128.00,11300.00,4.00,13.00
Samsung,Samsung Galaxy Z Flip3  ,New,Cream  ,8.00,128.00,,4.00,314.00
Samsung,Samsung Galaxy S21 Plus,New,Phantom Violet ,8.00,128.00,49999.00,4.00,533.00
Samsung,Samsung Galaxy On5 SM-G550F,New,Gold,na,na,8990.00,4.00,106.00
Samsung,Samsung Galaxy S23  ,New,Green  ,8.00,128.00,74999.00,4.00,1222.00
Samsung,Samsung Galaxy A34   ,New,Awesome Violet ,8.00,128.00,28999.00,4.00,1340.00
Samsung,Samsung F14  ,New,O.M.G. Black ,4.00,128.00,11398.00,4.00,2.00
Samsung,Samsung Galaxy A14   ,New,Light Green ,4.00,64.00,14499.00,4.00,1362.00
Samsung,Samsung Galaxy On7 SM-G600FY Smart Phone ,New,Gold,na,na,8590.00,3.00,55.00
Samsung,Samsung Galaxy A34   ,New,Awesome Graphite ,8.00,256.00,30999.00,4.00,1340.00
Samsung,Samsung Galaxy A05s  ,New,Black  ,4.00,128.00,13499.00,3.00,9.00
Samsung,Samsung Galaxy S23 Ultra  ,New,Cream  ,12.00,512.00,134999.00,4.00,742.00
Samsung,Samsung Galaxy A34   ,New,Awesome Lime ,8.00,128.00,28999.00,4.00,1340.00
Samsung,Samsung Galaxy A04s ,New,Green  ,4.00,64.00,11999.00,4.00,665.00
Samsung,Samsung Galaxy S23  ,New,Phantom Black ,8.00,256.00,79999.00,4.00,1222.00
Samsung,Samsung Galaxy S21 FE  ,New,Graphite  ,8.00,128.00,30749.00,4.00,1420.00
Samsung,Samsung Guru 1215 ,New,Black  ,,na,2099.00,4.00,69022.00
Samsung,Samsung Galaxy On7 SM-G600FZDDINS ,New,Black  ,,na,8490.00,4.00,25.00
Samsung,Samsung Galaxy S23  ,New,Lavender  ,8.00,256.00,79999.00,4.00,1222.00
Samsung,Samsung Galaxy A14   ,New,Dark Red ,6.00,128.00,16999.00,4.00,229.00
Samsung,Samsung Galaxy A05  ,New,Silver  ,4.00,64.00,9999.00,4.00,229.00
Samsung,Samsung Galaxy A05  ,New,Black  ,4.00,64.00,9999.00,4.00,229.00
Samsung,Samsung Galaxy S20  ,New,Cloud Blue ,8.00,128.00,34999.00,4.00,277.00
Samsung,Samsung Galaxy A12 ,New,Black  ,6.00,128.00,12999.00,4.00,2454.00
Samsung,Samsung Galaxy A14   ,New,Black  ,4.00,64.00,14499.00,4.00,1362.00
Samsung,Samsung Galaxy A04s ,New,Black  ,4.00,64.00,11999.00,4.00,665.00
Samsung,Samsung Galaxy A23  ,New,Orange,6.00,128.00,21999.00,4.00,719.00
Samsung,Samsung Galaxy S23 FE  ,New,Graphite  ,8.00,128.00,59999.00,4.00,208.00
Samsung,Samsung Galaxy F04  ,New,Jade Purple,4.00,64.00,7150.00,3.00,16.00
Samsung,Samsung Galaxy S21 Plus,New,Phantom Black ,8.00,128.00,49000.00,4.00,533.00
Samsung,Samsung Galaxy A05  ,New,Black  ,6.00,128.00,12499.00,4.00,533.00
Samsung,Samsung Galaxy A05s  ,New,Light Violet ,4.00,128.00,13499.00,3.00,9.00
Samsung,Samsung Galaxy A05  ,New,Silver  ,6.00,128.00,12499.00,3.00,9.00
Samsung,Samsung Galaxy A23  ,New,Silver  ,8.00,128.00,23999.00,4.00,719.00
Samsung,Samsung Galaxy A14 ,New,Silver  ,4.00,64.00,12999.00,4.00,57.00
Samsung,Samsung Galaxy S23 Ultra  ,New,Phantom Black ,12.00,512.00,134999.00,4.00,742.00
Samsung,Samsung Galaxy A52  ,New,Black  ,8.00,128.00,22999.00,4.00,2806.00
Samsung, Samsung Galaxy F12 ,Refurbished,  Sea Green,,64.00,7499.00,3.00,46.00
Samsung,Samsung Galaxy A14   ,New,Black  ,8.00,128.00,18999.00,4.00,1362.00
Samsung,Samsung Galaxy A54   ,New,Awesome Graphite ,8.00,128.00,36999.00,4.00,735.00
Samsung,Samsung Galaxy A21s  ,New,Blue  ,6.00,64.00,12149.00,4.00,910.00
Samsung, Samsung Galaxy F41 ,Refurbished,  Fusion Blue,6.00,128.00,9999.00,3.00,94.00
Samsung, Samsung Galaxy A12 ,Refurbished,  Black,4.00,64.00,9499.00,5.00,2.00
Samsung,Samsung Galaxy A14   ,New,Light Green ,8.00,128.00,18999.00,4.00,1362.00
Samsung,Samsung Galaxy Z Fold4   ,New,Graygreen  ,12.00,256.00,139999.00,2.00,144.00
Samsung, Samsung Galaxy M13 ,Refurbished,  Aqua Green,4.00,64.00,8999.00,4.00,155.00
Samsung,Samsung Galaxy Z Flip4   ,New,Bora Purple,8.00,128.00,79999.00,3.00,169.00
Samsung,Samsung Galaxy A52  ,New,Black  ,6.00,128.00,21999.00,4.00,2806.00
Samsung,Samsung Galaxy Z Flip5  ,New,Mint  ,8.00,512.00,109999.00,4.00,186.00
Samsung,Samsung Galaxy A04  ,New,Green  ,4.00,64.00,11999.00,4.00,138.00
Samsung, Samsung Galaxy S21 Plus  ,Refurbished,  Phantom Black,8.00,256.00,43999.00,4.00,63.00
Samsung,Samsung Galaxy Z Fold5  ,New,Phantom Black ,12.00,512.00,164999.00,4.00,186.00
Samsung,Samsung Galaxy S21 FE   ,New,  Olive,8.00,256.00,34600.00,4.00,133.00
Samsung, Samsung Galaxy A22  ,Refurbished,  Violet,6.00,128.00,10449.00,4.00,65.00
Samsung,Samsung Galaxy A23  ,New,Silver  ,6.00,128.00,21999.00,4.00,719.00
Samsung, Samsung Galaxy S20 FE  ,Refurbished,  Cloud Mint,8.00,128.00,23299.00,4.00,304.00
Samsung, Samsung Galaxy A23 ,Refurbished, Peach ,6.00,128.00,13099.00,4.00,47.00
Samsung,Samsung Galaxy S23  ,New,Phantom Black ,8.00,128.00,74999.00,4.00,1222.00
Samsung, Samsung Galaxy Z Fold3  ,Refurbished,  Phantom Black,12.00,256.00,84999.00,3.00,8.00
Samsung, Samsung Galaxy S21 FE  ,Refurbished,  Olive,8.00,128.00,26999.00,4.00,82.00
Samsung, Samsung Galaxy S20 FE  ,Refurbished,  Cloud Lavender,8.00,128.00,23969.00,4.00,65.00
Samsung, Samsung Galaxy F12 ,Refurbished,  Sky Blue,,64.00,9541.00,4.00,37.00
Samsung, Samsung Galaxy A22  ,Refurbished,  Gray,6.00,128.00,13499.00,4.00,65.00
Samsung,Samsung Galaxy A05  ,New,Light Green ,4.00,64.00,9999.00,4.00,65.00
Samsung, Samsung Galaxy A12 ,Refurbished,  Black,6.00,128.00,9999.00,3.00,6.00
Samsung, Samsung Galaxy A21S ,Refurbished,  Black,4.00,64.00,7190.00,3.00,6.00
Samsung, Samsung Galaxy Z Flip3  ,Refurbished,  Phantom Black,8.00,256.00,51990.00,3.00,8.00
Samsung,Samsung Galaxy F34  ,New,Electric Black ,8.00,128.00,25999.00,3.00,8.00
Samsung,Samsung Galaxy A23  ,New,Silver  ,6.00,128.00,20255.00,4.00,719.00
Samsung,Samsung Galaxy F42   ,New,Matte Aqua ,8.00,128.00,17999.00,4.00,32.00
Samsung,Samsung Galaxy Z Flip4  ,New,Light Blue ,8.00,256.00,84999.00,3.00,5.00
Samsung,Samsung Galaxy S23  ,New,Lavender  ,8.00,128.00,74999.00,4.00,1222.00
Samsung, Samsung Galaxy S20 FE ,Refurbished, Navy ,8.00,128.00,19999.00,4.00,6.00
Samsung, Samsung Galaxy M31 ,Refurbished,  Ocean Blue,6.00,64.00,9990.00,3.00,592.00
Samsung, Samsung Galaxy Z Flip3  ,Refurbished,  Cream,8.00,128.00,44999.00,3.00,16.00
Samsung, Samsung Galaxy A20s ,Refurbished,  Black,4.00,64.00,5990.00,4.00,7.00
Samsung,Samsung Galaxy M32 ,New,Black  ,6.00,128.00,16999.00,4.00,62137.00
Samsung,Samsung Galaxy A04e  ,New,Light Blue ,3.00,64.00,9999.00,4.00,109.00
Samsung,Samsung Galaxy Z Flip5  ,New,Cream  ,8.00,512.00,109999.00,4.00,186.00
Samsung,SAMSUNG Galaxy S23 Ultra  ,New,Green  ,12.00,512.00,112899.00,4.00,42.00
Samsung,Samsung Galaxy S23  Smartphone,New, Phantom Black,,26.00,69000.00,4.00,45.00
Samsung,Samsung Galaxy A04s  ,New,Awesome Black  ,4.00,128.00,14999.00,5.00,1.00
Samsung, Samsung Galaxy A12 ,Refurbished,  White,4.00,64.00,9943.00,3.00,3.00
Samsung, Samsung Galaxy M31 ,Refurbished,  Space Black,6.00,128.00,8399.00,3.00,592.00
Samsung,Samsung Galaxy M52,New,ICY Blue ,8.00,128.00,28990.00,4.00,21219.00
Samsung,Samsung Galaxy A04e  ,New,Copper  ,4.00,128.00,11499.00,4.00,109.00
Samsung, Samsung Galaxy A13 ,Refurbished, Blue ,4.00,128.00,10790.00,4.00,50.00
Samsung, Samsung Galaxy M31 ,Refurbished,  Space Black,6.00,64.00,10999.00,3.00,592.00
Samsung, Samsung Galaxy A20s ,Refurbished,  Green,4.00,64.00,8999.00,4.00,7.00
Samsung, Samsung Galaxy M31s ,Refurbished,  Mirage Blue,6.00,128.00,12799.00,3.00,188.00
Samsung,Samsung Galaxy A14  ,New,Light Blue ,4.00,64.00,12999.00,4.00,57.00
Samsung,Samsung Galaxy A12  ,New,Blue  ,4.00,64.00,11990.00,4.00,2454.00
Samsung, Samsung Galaxy A23 ,Refurbished, Black ,6.00,128.00,12989.00,4.00,47.00
Samsung, Samsung Galaxy A03s ,Refurbished,  Blue,3.00,32.00,9098.00,5.00,1.00
Samsung,Samsung Galaxy Z Fold5  ,New,Cream  ,12.00,512.00,164999.00,4.00,186.00
Samsung,Samsung Galaxy On Nxt ,New,  ,,na,8990.00,4.00,4.00
Samsung, Samsung Galaxy S21 Plus,Refurbished,  Phantom Black,8.00,128.00,35946.00,4.00,63.00
Samsung, Samsung Galaxy A52s  ,Refurbished,  White,6.00,128.00,19999.00,4.00,88.00
Samsung,Samsung Galaxy A05s  ,New,Light Green ,4.00,128.00,13499.00,3.00,9.00
Samsung, Samsung Galaxy A23 ,Refurbished, Blue ,6.00,128.00,13099.00,4.00,47.00
Samsung, Samsung Galaxy A52 ,Refurbished,  Blue,8.00,128.00,20699.00,3.00,6.00
Samsung,Samsung Galaxy F34  ,New,Mistic Green ,8.00,128.00,25999.00,3.00,6.00
Samsung, Samsung Galaxy A22  ,Refurbished,  Gray,8.00,128.00,14690.00,4.00,65.00
Samsung, Samsung Galaxy S20 ,Refurbished,  Cosmic Gray,8.00,128.00,26699.00,3.00,29.00
Samsung, Samsung Galaxy F12 ,Refurbished,  Celestial Black,4.00,128.00,9298.00,3.00,12.00
Samsung, Samsung Galaxy A23  ,Refurbished,  Light Blue,6.00,128.00,15498.00,4.00,6.00
Samsung, Samsung Galaxy A12 ,Refurbished,  Blue,4.00,64.00,9599.00,4.00,13.00
Samsung, Samsung Galaxy A13 ,Refurbished, Blue ,4.00,64.00,10599.00,4.00,50.00
Samsung,Samsung Galaxy A14 ,New,Black  ,4.00,64.00,12999.00,4.00,57.00
Samsung,Samsung Galaxy M34  ,New,Waterfall Blue ,8.00,128.00,20499.00,4.00,9114.00
Samsung,Samsung Galaxy A54   ,New,Awesome Lime ,8.00,256.00,38999.00,4.00,735.00
Samsung,Samsung Galaxy A05s  ,New,Black  ,6.00,128.00,14999.00,3.00,9.00
Samsung,SAMSUNG Galaxy S23 Ultra   ,New,  Phantom Black,12.00,512.00,116899.00,5.00,53.00
Samsung,Samsung Galaxy A14   ,New,Black  ,4.00,64.00,14299.00,4.00,2.00
Samsung, Samsung Galaxy A13 ,Refurbished, Peach ,4.00,64.00,10599.00,4.00,50.00
Samsung,Samsung Galaxy A04e  ,New,Light Blue ,4.00,128.00,11499.00,4.00,109.00
Samsung,Samsung Galaxy A05  ,New,Light Green ,6.00,128.00,12499.00,4.00,109.00
Samsung,Samsung Galaxy S23 FE  ,New,Mint  ,8.00,256.00,64999.00,4.00,208.00
Samsung, Samsung Galaxy F12 ,Refurbished,  Sky Blue,6.00,128.00,8999.00,4.00,17.00
Samsung, Samsung Galaxy S21 FE  ,Refurbished,  Graphite,8.00,128.00,26999.00,4.00,82.00
Samsung, SAMSUNG Galaxy F13 ,Refurbished,  Nightsky Green,4.00,64.00,,3.00,25.00
Samsung,Samsung Galaxy S23 Ultra  ,New,Phantom Black ,12.00,256.00,99999.00,4.00,134.00
Samsung, Samsung Galaxy A22 ,Refurbished,  Black,6.00,128.00,14199.00,4.00,65.00
Samsung,Samsung Galaxy A14   ,New,Light Green ,6.00,128.00,16999.00,4.00,1362.00
Samsung,Samsung Galaxy A34   ,New,Awesome Graphite ,8.00,128.00,28999.00,4.00,1340.00
Samsung,Samsung Galaxy S23 Ultra  ,New,Green  ,12.00,256.00,124999.00,4.00,742.00
Samsung, Samsung Galaxy A14  ,Refurbished,  Black,6.00,128.00,13500.00,4.00,5.00
Samsung, Samsung Galaxy M52  ,Refurbished,  ICY Blue,6.00,128.00,17790.00,3.00,95.00
Samsung, Samsung Galaxy A03s ,Refurbished,  Blue,4.00,64.00,10059.00,5.00,4.00
Samsung,SAMSUNG Galaxy S23 FE   ,New,Mint  ,8.00,128.00,51995.00,3.00,6.00
Samsung,Samsung Galaxy On Nxt  ,New,Gold,3.00,64.00,8990.00,4.00,13.00
Samsung, Samsung Galaxy S23  ,Refurbished,  Lavender,8.00,128.00,54921.00,4.00,13.00
Samsung, Samsung Galaxy A03 ,Refurbished, Blue ,3.00,32.00,6980.00,2.00,7.00
Samsung, Samsung Galaxy M12 ,Refurbished,  Black,4.00,64.00,9990.00,4.00,99.00
Samsung, Samsung Galaxy A73  ,Refurbished,Awesome Gray,8.00,256.00,29999.00,4.00,1.00
Samsung,Samsung Galaxy S23 Ultra  ,New,Cream  ,12.00,256.00,124999.00,4.00,742.00
Samsung, Samsung Galaxy M21   ,Refurbished, Charcoal Black,4.00,64.00,7990.00,4.00,10.00
Samsung,SAMSUNG Galaxy S23 FE   ,New,Graphite  ,8.00,256.00,49990.00,3.00,6.00
Samsung, Samsung Galaxy A23 ,Refurbished, Black ,8.00,128.00,13799.00,4.00,47.00
Samsung, Samsung Galaxy A32 ,Refurbished,  Awesome Blue ,8.00,128.00,15999.00,4.00,47.00
Samsung, Samsung Galaxy M32 ,Refurbished,  Light Blue,6.00,128.00,15790.00,4.00,47.00
Samsung, Samsung Galaxy S20 Ultra ,Refurbished,  Cosmic Gray,12.00,128.00,39999.00,3.00,32.00
Samsung, Samsung Galaxy A33  ,Refurbished, Orange ,6.00,128.00,17790.00,3.00,13.00
Samsung,Samsung Galaxy S23 Ultra  ,New,Green  ,12.00,256.00,98700.00,4.00,38.00
Samsung, Samsung Galaxy A23 ,Refurbished, Blue ,8.00,128.00,13740.00,4.00,47.00
Samsung, Samsung Galaxy A14  ,Refurbished,  Dark Red,6.00,128.00,14296.00,4.00,6.00
Samsung, Samsung Galaxy M30s ,Refurbished,  Blue,4.00,64.00,13299.00,3.00,134.00
Samsung,SAMSUNG F34   ,New,Electric Black ,6.00,128.00,17990.00,3.00,134.00
Samsung, Samsung Galaxy S20 + ,Refurbished,  Cosmic Black,8.00,128.00,29399.00,3.00,34.00
Samsung, Samsung Galaxy F62 ,Refurbished,  Laser Grey,8.00,128.00,15399.00,3.00,25.00
Samsung, Samsung Galaxy A12 ,Refurbished,  Blue,4.00,128.00,,1.00,1.00
Samsung, Samsung Galaxy A23  ,Refurbished,  Light Blue,8.00,128.00,18700.00,2.00,3.00
Samsung, Samsung Galaxy A13 ,Refurbished, Black ,4.00,64.00,10474.00,4.00,50.00
Samsung,Samsung Galaxy M21   ,New,Charcoal Black,6.00,128.00,14999.00,4.00,237643.00
Samsung, Samsung Galaxy F14  ,Refurbished,  Goat Green,6.00,128.00,12900.00,5.00,2.00
Samsung,Samsung Galaxy Z Fold4   ,New,Beige  ,12.00,256.00,139999.00,2.00,144.00
Samsung,Samsung Galaxy S21 FE   ,New,  Lavender,8.00,256.00,34840.00,4.00,4.00
Samsung,SAMSUNG Galaxy Z Flip5,New,  ,,na,12580.00,4.00,4.00
Samsung,Samsung Galaxy S21 FE   ,New,Graphite  ,8.00,256.00,34805.00,4.00,19.00
Samsung, Samsung Galaxy M02s ,Refurbished,  Red,4.00,64.00,7999.00,4.00,12.00
Samsung,Samsung Galaxy S23 Ultra  ,New,Cream  ,12.00,256.00,101999.00,4.00,24.00
Samsung,Samsung Galaxy A34   ,New,Awesome Violet ,8.00,256.00,29990.00,4.00,13.00
Samsung, Samsung Galaxy A34  ,Refurbished,  Awesome Violet,8.00,128.00,19699.00,4.00,3.00
Samsung, Samsung Galaxy A30s ,Refurbished,  Prism Crush White,4.00,64.00,9899.00,4.00,53.00
Samsung,Samsung Galaxy Note 20 Ultra   ,New,Mystic Black,12.00,256.00,76499.00,4.00,610.00
Samsung,Samsung Galaxy S21 Plus  ,New,Phantom Black ,8.00,128.00,49999.00,4.00,533.00
Samsung, Samsung Galaxy A51 ,Refurbished,  Blue,6.00,128.00,11990.00,3.00,54.00
Samsung, Samsung Galaxy M13 ,Refurbished,  Stardust Brown,4.00,64.00,,4.00,155.00
Samsung, Samsung Galaxy F23  ,Refurbished,  Forest Green,6.00,128.00,15999.00,3.00,16.00
Samsung, Samsung Galaxy A14 ,Refurbished, Black ,4.00,4.00,11049.00,5.00,2.00
Samsung,Samsung Galaxy Z Flip3   ,New,Phantom Black ,8.00,128.00,,4.00,314.00
Samsung, Samsung Galaxy F41 ,Refurbished,  Fusion Black,6.00,128.00,,3.00,101.00
Samsung, Samsung Galaxy M12 ,Refurbished,  Blue,4.00,64.00,8690.00,3.00,120.00
Samsung, Samsung Galaxy A14  ,Refurbished,  Black,8.00,128.00,16144.00,4.00,2.00
Samsung, Samsung Galaxy A34  ,Refurbished,  Awesome Lime,8.00,128.00,23989.00,4.00,2.00
Samsung, Samsung Galaxy A53 ,Refurbished, Orange ,8.00,128.00,23998.00,3.00,15.00
Samsung,SAMSUNG Galaxy S23 FE   ,New,Mint  ,8.00,256.00,56950.00,3.00,6.00
Samsung, Samsung Galaxy F54  ,Refurbished,  Stardust Silver,,256.00,22990.00,4.00,1.00
Samsung, Samsung Galaxy A51 ,Refurbished,  Prism crush Black,6.00,128.00,11999.00,3.00,54.00
Samsung, SAMSUNG Galaxy F02s ,Refurbished,  Diamond Black,3.00,32.00,7955.00,3.00,12.00
Samsung, Samsung Galaxy A73  ,Refurbished, Awesome Mint,8.00,256.00,32999.00,4.00,31.00
Samsung, Samsung Galaxy M13 ,Refurbished,  Aqua Green,6.00,128.00,,4.00,155.00
Samsung, Samsung Galaxy A03 Core ,Refurbished,  Blue,2.00,32.00,,2.00,2.00
Samsung, Samsung Galaxy A03 Core ,Refurbished,  Black,2.00,32.00,,3.00,2.00
Samsung, Samsung Galaxy Z Flip4  ,Refurbished,  Bora Purple,8.00,128.00,53399.00,3.00,10.00
Samsung, Samsung Galaxy S21  ,Refurbished,  Phantom Gray,8.00,256.00,34699.00,4.00,2.00
Samsung,Samsung Galaxy A14  ,New,Black  ,6.00,128.00,17999.00,4.00,2.00
Samsung,SAMSUNG Galaxy S23 Ultra  ,New,Cream  ,12.00,512.00,125999.00,4.00,22.00
Samsung, Samsung Galaxy A23 ,Refurbished,Silver  ,6.00,128.00,16829.00,1.00,2.00
Samsung, Samsung Galaxy A10s ,Refurbished,  Blue,3.00,32.00,7199.00,4.00,35.00
Samsung, Samsung Galaxy A34  ,Refurbished,  Awesome Graphite,8.00,128.00,22900.00,3.00,5.00
Samsung, Samsung Galaxy M33  ,Refurbished,  Deep Ocean Blue,8.00,128.00,15994.00,3.00,139.00
Samsung, Samsung Galaxy M12 ,Refurbished,  White,4.00,64.00,8689.00,4.00,41.00
Samsung,Samsung Galaxy A04s  ,New,Awesome Green ,4.00,128.00,,4.00,5.00
Samsung, Samsung Galaxy F62 ,Refurbished,  Laser Green,6.00,128.00,14990.00,3.00,80.00
Samsung, Samsung Galaxy A14  ,Refurbished,  Light Green,6.00,128.00,14498.00,3.00,3.00
Samsung,Samsung Galaxy A54   ,New,Awesome Lime ,8.00,128.00,35449.00,2.00,1.00
Samsung, Samsung Galaxy S23  ,Refurbished,  Cream,8.00,128.00,52499.00,2.00,1.00
Samsung, Samsung Galaxy M13 ,Refurbished,  Midnight Blue,4.00,64.00,9499.00,4.00,155.00
Samsung, Samsung Galaxy A54  ,Refurbished,  Awesome Lime,8.00,128.00,31449.00,4.00,155.00
Samsung, Samsung Galaxy M53  ,Refurbished,  Deep Ocean Blue,6.00,128.00,23999.00,3.00,56.00
Samsung, Samsung Galaxy F22 ,Refurbished,  Denim Blue,4.00,64.00,8499.00,3.00,27.00
Samsung, Samsung Galaxy A13 ,Refurbished, Black ,6.00,128.00,12999.00,4.00,50.00
Samsung, Samsung Galaxy F41 ,New,  Fusion Green,6.00,128.00,9990.00,3.00,189.00
Samsung, Samsung Galaxy A14  ,Refurbished,  Dark Red,8.00,128.00,15999.00,3.00,5.00
Samsung, Samsung Galaxy S10 Lite ,Refurbished,  Prism Blue,8.00,128.00,18999.00,3.00,18.00
Samsung, Samsung Galaxy A73  ,Refurbished, Awesome Mint,8.00,128.00,25399.00,4.00,31.00
Samsung, Samsung Galaxy A03 Core ,Refurbished,  Copper Bronze,2.00,32.00,5999.00,2.00,2.00
Samsung, Samsung Galaxy F12 ,Refurbished,  Celestial Black,,64.00,9780.00,4.00,29.00
Samsung,Samsung Galaxy M34  ,New,Waterfall Blue ,6.00,128.00,18499.00,4.00,9114.00
Samsung,Samsung Galaxy A14   ,New,Black  ,6.00,128.00,16999.00,4.00,1362.00
Samsung, Samsung Galaxy F22 ,Refurbished,  Denim Blue,6.00,128.00,7999.00,3.00,20.00
Samsung, Samsung Galaxy M33  ,Refurbished,  Mystique Green,6.00,128.00,,3.00,139.00
Samsung, Samsung Galaxy A34  ,Refurbished,  Awesome Violet,8.00,256.00,23399.00,5.00,1.00
Samsung, Samsung Galaxy Note 20 Ultra  ,Refurbished,  Mystic Black,12.00,256.00,55900.00,3.00,103.00
Samsung, Samsung Galaxy M53  ,Refurbished,  Mystique Green,6.00,128.00,23999.00,3.00,56.00
Samsung, Samsung Galaxy A54  ,Refurbished,  Awesome Violet,8.00,256.00,29598.00,4.00,7.00
Samsung, Samsung Galaxy A12 ,Refurbished,  Black,4.00,128.00,10299.00,2.00,5.00
Samsung, Samsung Galaxy M11 ,Refurbished,  Metallic Blue,3.00,32.00,9051.00,3.00,47.00
Samsung, Samsung Galaxy S23 Ultra  ,Refurbished,  Green,12.00,256.00,94398.00,3.00,5.00
Samsung, Samsung Galaxy S23  ,Refurbished,  Green,8.00,256.00,59990.00,4.00,8.00
Samsung, Samsung Galaxy A12 ,Refurbished,  White,4.00,128.00,9999.00,4.00,8.00
Samsung,SAMSUNG Galaxy S23 FE   ,New,Purple  ,8.00,128.00,46190.00,3.00,6.00
Samsung, Samsung Galaxy Z Flip4  ,Refurbished,  Bora Purple,8.00,256.00,54990.00,3.00,10.00
Samsung, Samsung Galaxy F62 ,Refurbished,  Laser Grey,6.00,128.00,17999.00,3.00,51.00
Samsung,Samsung Galaxy S21 FE  ,New,Lavender  ,8.00,128.00,33999.00,4.00,1420.00
Samsung, Samsung Galaxy S23  ,Refurbished,  Green,8.00,128.00,54921.00,4.00,1420.00
Samsung, SAMSUNG Galaxy F13 ,Refurbished,  Waterfall Blue,4.00,64.00,,3.00,25.00
Samsung,Samsung Galaxy S23 Ultra  ,New,Phantom Black ,12.00,256.00,124999.00,4.00,742.00
Samsung,Samsung Galaxy A54  ,New,Awesome White ,8.00,256.00,38999.00,4.00,18.00
Samsung, Samsung Galaxy M32 ,Refurbished,  Light Blue,6.00,128.00,11399.00,4.00,7.00
Samsung,Samsung Galaxy A23  ,New,Light Blue ,8.00,128.00,22199.00,4.00,719.00
Samsung, Samsung Galaxy A52s  ,Refurbished,  Black,6.00,128.00,19990.00,4.00,88.00
Samsung, Samsung Galaxy M32  ,Refurbished,  Slate Black,8.00,128.00,17199.00,3.00,51.00
Samsung, Samsung Galaxy A52s  ,Refurbished,  Mint,8.00,128.00,21700.00,4.00,9.00
Samsung, Samsung Galaxy A52s  ,Refurbished,  Mint,8.00,128.00,21700.00,4.00,9.00
Samsung, Samsung Galaxy A51 ,Refurbished,  Blue,8.00,128.00,17999.00,2.00,3.00
Samsung, Samsung Galaxy M53  ,Refurbished,  Emerald Brown,8.00,128.00,,3.00,56.00
Samsung, Samsung Galaxy M11 ,New,  Metallic Blue,4.00,64.00,9514.00,4.00,65.00
Samsung, Samsung Galaxy M33  ,Refurbished,  Emerald Brown,6.00,128.00,,3.00,139.00
Samsung, Samsung Galaxy S23  ,Refurbished,  Phantom Black,8.00,128.00,54498.00,5.00,1.00
Samsung, Samsung Galaxy A72 ,Refurbished,  Black,8.00,128.00,21399.00,4.00,12.00
Samsung, Samsung Galaxy S21 FE  ,Refurbished,  White,8.00,128.00,29290.00,4.00,82.00
Samsung, Samsung Galaxy A33  ,Refurbished, Black ,8.00,128.00,18999.00,3.00,5.00
Samsung,Samsung Galaxy M52,New,Blazing Black ,8.00,128.00,29999.00,4.00,21219.00
Samsung, Samsung Galaxy M30 ,Refurbished,  Gradation Blue,6.00,128.00,10980.00,3.00,238.00
Samsung, Samsung Galaxy A34  ,Refurbished,  Awesome Lime,8.00,256.00,26348.00,5.00,2.00
Samsung, Samsung Galaxy F41 ,Refurbished,  Fusion Black,6.00,64.00,10999.00,4.00,65.00
Samsung,SAMSUNG A14   ,New,Black  ,6.00,128.00,16490.00,4.00,11.00
Samsung, Samsung Galaxy Z Flip5  ,Refurbished,  Lavender,8.00,256.00,77998.00,1.00,1.00
Samsung, Samsung Galaxy A54  ,Refurbished,  Awesome Violet,8.00,128.00,28304.00,1.00,1.00
Samsung, Samsung Galaxy A53  ,Refurbished,  Awesome Blue,8.00,128.00,21989.00,3.00,5.00
Samsung,Samsung Galaxy A13 ,New,Peach,6.00,128.00,16999.00,4.00,1354.00
Samsung,Samsung Galaxy S23  ,New,Cream  ,8.00,256.00,66500.00,4.00,13.00
Samsung, Samsung Galaxy M21   ,Refurbished, Arctic Blue,4.00,64.00,8590.00,4.00,26.00
Samsung, Samsung Galaxy Z Flip5  ,Refurbished,  Graphite,8.00,256.00,83998.00,1.00,1.00
Samsung, Samsung Galaxy A14  ,Refurbished,  Black,4.00,64.00,,5.00,2.00
Samsung, Samsung Galaxy Note10 Lite ,Refurbished,  Aura Black,6.00,128.00,27198.00,4.00,52.00
Samsung, Samsung F41 Fusion ,Refurbished, Blue,6.00,128.00,9998.00,3.00,103.00
Samsung,Samsung Galaxy A52s   ,New,Violet  ,6.00,128.00,29999.00,4.00,3796.00
Samsung, Samsung Galaxy S20 ,Refurbished,  Cloud Blue,8.00,128.00,26699.00,3.00,13.00
Samsung, Samsung Galaxy F54  ,Refurbished,  Meteor Blue,,256.00,22489.00,3.00,13.00
Samsung, Samsung Galaxy A14  ,Refurbished, Light Green,4.00,128.00,11899.00,5.00,2.00
Samsung,Samsung F13 ,New,Waterfall Blue ,4.00,128.00,,5.00,2.00
Samsung, Samsung Galaxy S22 Plus  ,Refurbished,  Green,8.00,128.00,50399.00,5.00,3.00
Samsung, Samsung Galaxy A73  ,Refurbished, Awesome Gray,8.00,128.00,25399.00,4.00,31.00
Samsung,Samsung Galaxy S23 Plus  ,New,Cream  ,8.00,256.00,94999.00,5.00,130.00
Samsung, Samsung Galaxy S22 Plus  ,Refurbished,  Phantom Black,8.00,128.00,44999.00,4.00,9.00
Samsung, Samsung Galaxy A34  ,Refurbished,  Awesome Silver,8.00,128.00,21898.00,4.00,1.00
Samsung, Samsung Galaxy M13 ,Refurbished,  Stardust Brown,6.00,128.00,,4.00,155.00
Samsung, Samsung Galaxy A54  ,Refurbished,  Awesome Graphite,8.00,256.00,29599.00,3.00,3.00
Samsung, Samsung Galaxy A54  ,Refurbished,  Awesome Graphite,8.00,128.00,27765.00,3.00,4.00
Samsung, Samsung Galaxy M12 ,Refurbished,  Blue,6.00,128.00,9990.00,4.00,113.00
Samsung, Samsung Galaxy S23  ,Refurbished,  Lavender,8.00,256.00,54999.00,1.00,2.00
Samsung,Samsung Galaxy A04s  ,New,Awesome  Copper  ,4.00,128.00,,4.00,5.00
Samsung,SAMSUNG Galaxy S23 FE   ,New,Graphite  ,8.00,128.00,46740.00,3.00,6.00
Samsung, Samsung Galaxy M33  ,Refurbished,  Mystique Green,8.00,128.00,16999.00,3.00,139.00
Samsung, Samsung Galaxy M13  ,Refurbished,  Aqua Green,4.00,64.00,11490.00,4.00,155.00
Samsung, Samsung Galaxy A53 ,Refurbished, Orange ,6.00,128.00,21799.00,4.00,155.00
Samsung, Samsung Galaxy A33   ,Refurbished, Light Blue,6.00,128.00,17999.00,3.00,8.00
Samsung,Samsung Galaxy A54   ,New,Awesome Violet ,8.00,128.00,35999.00,5.00,2.00
Samsung, Samsung Galaxy F23  ,Refurbished,  Copper Blush,6.00,128.00,15999.00,3.00,24.00
Samsung,Samsung Galaxy Z Fold5  ,New,Phantom Black ,12.00,256.00,,4.00,186.00
Samsung, Samsung Galaxy F22 ,Refurbished,  Denim Black,6.00,128.00,11099.00,4.00,21.00
Samsung, Samsung Galaxy F22 ,Refurbished,  Denim Black,4.00,64.00,8395.00,4.00,31.00
Samsung, Samsung Galaxy M02s ,Refurbished,  Blue,4.00,64.00,8990.00,4.00,18.00
Samsung, Samsung Galaxy S22  ,Refurbished,  Phantom Black,8.00,256.00,42990.00,4.00,59.00
Samsung,SAMSUNG F34   ,New,Mystic Green,6.00,128.00,,4.00,59.00
Samsung, Samsung Galaxy M14  ,Refurbished,  Berry Blue,6.00,128.00,12599.00,4.00,59.00
Samsung, Samsung Galaxy S20 FE ,Refurbished,  Cloud Mint,8.00,128.00,20999.00,3.00,16.00
Samsung, Samsung Galaxy S22  ,Refurbished,  Green,8.00,256.00,45999.00,4.00,59.00
Samsung, Samsung Galaxy A53 ,Refurbished, Black ,8.00,128.00,21999.00,3.00,15.00
Samsung, Samsung Galaxy S22 Ultra  ,Refurbished,  Green,12.00,256.00,73999.00,4.00,56.00
Samsung, Samsung Galaxy S23 Plus  ,Refurbished,  Cream,8.00,256.00,74878.00,3.00,1.00
Samsung, Samsung Galaxy S22 Ultra  ,Refurbished,  Phantom White,12.00,256.00,73999.00,4.00,56.00
Samsung, Samsung Galaxy A54  ,Refurbished,  Awesome Lime,8.00,256.00,26988.00,1.00,1.00
Samsung, Samsung Galaxy M12 ,Refurbished,  White,6.00,128.00,11999.00,4.00,18.00
Samsung, Samsung A32 ,Refurbished,  Light Violet,6.00,128.00,15199.00,5.00,1.00
Samsung, Samsung Galaxy A23 ,Refurbished,Orange,6.00,128.00,14790.00,1.00,1.00
Samsung,Samsung Galaxy A23  ,New,Orange,6.00,128.00,21999.00,4.00,719.00
Samsung, Samsung Galaxy S22 Plus  ,Refurbished,  Phantom White,8.00,256.00,,4.00,719.00
Samsung, Samsung Galaxy Z Flip5  ,Refurbished,  Cream,8.00,256.00,77998.00,1.00,1.00
Samsung, Samsung Galaxy S22  ,Refurbished,  Green,8.00,128.00,41999.00,4.00,59.00
Samsung, Samsung Galaxy S8 Plus ,Refurbished,   Midnight Black,,64.00,17999.00,2.00,5.00
Oppo,Oppo A78 5G ,New,Glowing Black,8.00,128.00,18999.00,4.00,2611.00
Oppo,Oppo A78 ,New,Aqua Green,8.00,128.00,15499.00,4.00,2611.00
Oppo,Oppo A78 ,New,Mist Black,8.00,128.00,15499.00,4.00,2611.00
Oppo,Oppo F23 5G ,New,Cool Black,8.00,256.00,22999.00,4.00,984.00
Oppo,OPPO A18 ,New,Glowing Black,4.00,64.00,9999.00,4.00,46.00
Oppo,OPPO A18 ,New,Glowing Blue,4.00,64.00,9999.00,4.00,46.00
Oppo,Oppo A78 5G ,New,Glowing Blue,8.00,128.00,18999.00,4.00,2611.00
Oppo,OPPO A18 ,New,Glowing Blue,4.00,128.00,11499.00,4.00,46.00
Oppo,Oppo A17k ,New,Blue,3.00,64.00,8499.00,4.00,446.00
Oppo,OPPO A59 5G ,New,Silk Gold,6.00,128.00,16999.00,3.00,1.00
Oppo,OPPO A59 5G ,New,Silk Gold,4.00,128.00,14999.00,3.00,1.00
Oppo,OPPO A38 ,New,Glowing Gold,4.00,128.00,11999.00,4.00,30.00
Oppo,OPPO F23 5G ,New,Bold Gold,8.00,256.00,22999.00,4.00,984.00
Oppo,OPPO A59 5G ,New,Starry Black,4.00,128.00,14999.00,4.00,984.00
Oppo,OPPO A59 5G ,New,Starry Black,6.00,128.00,16999.00,4.00,984.00
Oppo,Oppo A79 5G ,New,Mystery Black,8.00,128.00,19999.00,4.00,60.00
Oppo,Oppo F21s Pro 5G ,New,Starlight Black,8.00,128.00,25999.00,4.00,1715.00
Oppo, OPPO F21 Pro 5G ,Refurbished,Rainbow Spectrum,8.00,128.00,18499.00,4.00,69.00
Oppo,Oppo A79 5G ,New,Glowing Green,8.00,128.00,19999.00,4.00,60.00
Oppo,Oppo Reno 8T 5G ,New,Sunrise Gold,8.00,128.00,27990.00,1.00,1.00
Oppo,Oppo Reno7 5G ,New,Startrails Blue,8.00,256.00,27200.00,4.00,292.00
Oppo,OPPO A18 ,New,Glowing Black,4.00,128.00,11499.00,4.00,46.00
Oppo,OPPO A15 ,New,Dynamic Black,3.00,32.00,8590.00,4.00,1964.00
Oppo,OPPO A38 ,New,Glowing Black,4.00,128.00,11999.00,4.00,30.00
Oppo,OPPO Find X2 ,New,Black,12.00,256.00,49900.00,4.00,773.00
Oppo,OPPO Reno2 Z ,New,Luminous Black,8.00,256.00,28999.00,4.00,3313.00
Oppo, OPPO A12 ,Refurbished,Black,3.00,32.00,7799.00,4.00,10.00
Oppo, OPPO F21 Pro ,Refurbished,Sunset Orange,8.00,128.00,13295.00,4.00,150.00
Oppo,OPPO Reno2 ,New,Luminous Black,8.00,256.00,30500.00,4.00,1100.00
Oppo, OPPO A16k ,Refurbished,Blue,3.00,32.00,6899.00,3.00,9.00
Oppo,OPPO A12 ,New,Black,3.00,32.00,8890.00,4.00,7351.00
Oppo,Oppo Reno8 5G ,New,Shimmer Black,8.00,128.00,29999.00,4.00,151.00
Oppo, OPPO F17 Pro ,Refurbished,Magic Blue,8.00,128.00,13999.00,3.00,129.00
Oppo,Oppo F17 ,New,Dynamic Orange,6.00,128.00,18799.00,4.00,9470.00
Oppo, OPPO A57 ,Refurbished,Glowing Green,4.00,64.00,10399.00,3.00,16.00
Oppo,Oppo Reno7 Pro 5G ,New,Starlight Black,12.00,256.00,36490.00,4.00,401.00
Oppo, Oppo F19s 6/128 ,Refurbished,Glowing Black,6.00,128.00,12699.00,3.00,47.00
Oppo,OPPO F19 Pro ,New,Crystal Silver,8.00,128.00,16790.00,4.00,41.00
Oppo,OPPO Reno3 Pro ,New,Sky White,8.00,128.00,25999.00,4.00,1572.00
Oppo, OPPO Reno7 5G ,Refurbished,Startrails Blue,8.00,256.00,18890.00,4.00,34.00
Oppo,OPPO Reno3 Pro ,New,Auroral Blue,8.00,128.00,25999.00,4.00,1572.00
Oppo, OPPO F17 ,Refurbished,Dynamic Orange,6.00,128.00,11999.00,3.00,82.00
Oppo,OPPO Reno3 Pro ,New,Midnight Black,8.00,128.00,25490.00,4.00,1572.00
Oppo, Oppo A16 ,Refurbished,Pearl Blue,4.00,64.00,9679.00,3.00,88.00
Oppo, Oppo A55 ,Refurbished,Starry Black,4.00,64.00,10699.00,4.00,76.00
Oppo,Oppo F17 ,New,Navy Blue,6.00,128.00,18999.00,4.00,9470.00
Oppo,Oppo Reno8 Pro 5G ,New,Glazed Black,12.00,256.00,35890.00,4.00,19.00
Oppo, OPPO F17 Pro ,Refurbished,Matte Black,8.00,128.00,12990.00,3.00,129.00
Oppo, OPPO F21 Pro 5G ,Refurbished,Cosmic Black,8.00,128.00,19399.00,4.00,69.00
Oppo, OPPO A31 ,Refurbished,Fantasy White,6.00,128.00,10999.00,4.00,31.00
Oppo, OPPO A76 ,Refurbished,Glowing Black,6.00,128.00,11999.00,3.00,35.00
Oppo,Oppo Reno7 Pro 5G ,New,Startrails Blue,12.00,256.00,34999.00,4.00,401.00
Oppo,OPPO A1K ,New,Black,2.00,32.00,7999.00,4.00,2013.00
Oppo, OPPO F19 Pro+ 5G ,Refurbished,Space Silver,8.00,128.00,16898.00,3.00,108.00
Oppo, OPPO A96 ,Refurbished,Starry Black,8.00,128.00,12999.00,4.00,25.00
Oppo, OPPO F21s Pro ,Refurbished,Dawnlight Gold,8.00,128.00,17349.00,3.00,14.00
Oppo, OPPO A52 ,Refurbished,Twilight Black,6.00,128.00,11298.00,4.00,94.00
Oppo, OPPO Reno8 5G ,Refurbished,Shimmer Black,8.00,128.00,19389.00,3.00,38.00
Oppo, Oppo A16 ,Refurbished,Crystal Black,4.00,64.00,10999.00,3.00,88.00
Oppo, OPPO F19 Pro+ 5G ,Refurbished,Fluid Black,8.00,128.00,16997.00,4.00,226.00
Oppo,Oppo Reno7 5G ,New,Starry Black,8.00,256.00,27999.00,4.00,292.00
Oppo, OPPO F19 Pro ,Refurbished,Fluid Black,8.00,128.00,13399.00,4.00,226.00
Oppo,Oppo Reno8 Pro 5G ,New,Glazed Green,12.00,256.00,36999.00,4.00,13.00
Oppo, Oppo A78 ,Refurbished,Mist Black,8.00,128.00,13173.00,5.00,1.00
Oppo, OPPO A55 ,Refurbished,Starry Black,6.00,128.00,11890.00,4.00,76.00
Oppo, OPPO F21 Pro ,Refurbished,Cosmic Black,8.00,128.00,14399.00,4.00,150.00
Oppo, Oppo F23 5G ,Refurbished,Bold Gold,8.00,256.00,20688.00,3.00,15.00
Oppo, Oppo A55 ,Refurbished,Rainbow Blue,4.00,64.00,10699.00,4.00,76.00
Oppo, Oppo Reno 8T 5G ,Refurbished,Sunrise Gold,8.00,128.00,23490.00,5.00,1.00
Oppo, Oppo A57 ,Refurbished,Glowing Black,4.00,64.00,11199.00,3.00,11.00
Oppo, Oppo A17 ,Refurbished,Lake Blue,4.00,64.00,10199.00,5.00,2.00
Oppo, OPPO A53 ,Refurbished,Electric Black,6.00,128.00,10799.00,3.00,55.00
Oppo, OPPO A96 ,Refurbished,Sunset Blue,8.00,128.00,13899.00,4.00,25.00
Oppo, OPPO Reno5 Pro 5G ,Refurbished,Astral Blue,8.00,128.00,21290.00,4.00,159.00
Oppo, Oppo A15S ,Refurbished,Dynamic Black,4.00,64.00,8699.00,4.00,15.00
Oppo, Oppo Reno 6 Pro 5G ,Refurbished,Aurora,12.00,256.00,31399.00,3.00,64.00
Oppo, OPPO F19 Pro ,Refurbished,Crystal Silver,8.00,128.00,13399.00,4.00,226.00
Oppo, OPPO A11K ,Refurbished,Deep Blue,2.00,32.00,5980.00,4.00,20.00
Oppo, OPPO A15S ,Refurbished,Fancy White,4.00,128.00,9499.00,4.00,13.00
Oppo, OPPO A15 ,New,Mystery Blue,3.00,32.00,9300.00,4.00,7.00
Oppo, Oppo A54 ,Refurbished,Starry Blue,4.00,64.00,9390.00,3.00,25.00
Oppo, Oppo A78 5G ,Refurbished,Glowing Black,8.00,128.00,,3.00,25.00
Oppo, realme C25S ,Refurbished,Watery Grey,4.00,128.00,7395.00,2.00,1.00
Oppo, Oppo Find N2 Flip ,Refurbished,Moonlit Purple) ,8.00,na,64999.00,5.00,16.00
Oppo, OPPO F19s ,Refurbished,Glowing Gold,6.00,128.00,12690.00,3.00,59.00
Oppo, OPPO F17 Pro ,Refurbished,Metallic White,8.00,128.00,13987.00,3.00,129.00
Oppo, OPPO A55 ,Refurbished,Rainbow Blue,6.00,128.00,11899.00,4.00,14.00
Oppo, OPPO Reno3 Pro ,New,Sky White,8.00,128.00,14990.00,4.00,56.00
Oppo, Oppo F17 ,Refurbished,Navy Blue,6.00,128.00,11999.00,4.00,96.00
Oppo, Oppo F5 ,Refurbished,Black,6.00,64.00,8299.00,2.00,16.00
Oppo, Oppo A54 ,Refurbished,Moonlight Gold,4.00,64.00,9290.00,4.00,4.00
Oppo, Oppo Reno6 5G ,Refurbished,Aurora,8.00,128.00,19999.00,3.00,97.00
Oppo, Oppo Reno 8T 5G ,Refurbished,Midnight Black,8.00,128.00,23499.00,3.00,97.00
Oppo, OPPO A9 2020 ,Refurbished,Space Purple,4.00,128.00,9390.00,3.00,101.00
Oppo,OPPO Reno2 Z ,New,Sky White,8.00,256.00,29999.00,4.00,3313.00
Oppo, OPPO F11 ,Refurbished,Fluorite Purple,4.00,128.00,10999.00,4.00,42.00
Oppo,OPPO Reno2 Z ,New,Sky White,8.00,256.00,29999.00,4.00,3313.00
Oppo, OPPO F11 ,Refurbished,Fluorite Purple,4.00,128.00,10999.00,4.00,42.00
Oppo, OPPO Reno7 5G ,Refurbished,Starry Black,8.00,256.00,19999.00,3.00,19.00
Oppo,OPPO A52 ,New,Stream White,4.00,128.00,13999.00,4.00,2977.00
Oppo, OPPO A31 ,Refurbished,Mystery Black,6.00,128.00,10999.00,4.00,31.00
Oppo, OPPO F17 ,Refurbished,Classic Silver,6.00,128.00,11999.00,3.00,47.00
Oppo, OPPO A52 ,Refurbished,Twilight Black,4.00,128.00,11599.00,3.00,12.00
Oppo,OPPO A5 ,New,Diamond Blue,4.00,64.00,11999.00,4.00,86.00
Oppo, OPPO F5 ,Refurbished,Gold,4.00,na,7999.00,2.00,16.00
Oppo, OPPO F15 ,Refurbished,Lightening Black,8.00,128.00,14699.00,4.00,45.00
Oppo, OPPO Reno8 5G ,Refurbished,Shimmer Gold,8.00,128.00,17999.00,3.00,42.00
Oppo, Oppo A54 ,Refurbished,Crystal Black,4.00,64.00,9399.00,3.00,40.00
Oppo, Oppo F19 ,Refurbished,Prism Black,6.00,128.00,12299.00,4.00,42.00
Oppo,Oppo Reno2 F ,New,Lake Green,6.00,256.00,17999.00,4.00,154.00
Oppo, OPPO Reno7 Pro 5G ,Refurbished,Startrails Blue,12.00,256.00,27269.00,3.00,62.00
Oppo, Oppo F19 ,Refurbished,Midnight Blue,6.00,128.00,12290.00,4.00,48.00
Oppo, OPPO F17 ,Refurbished,Classic Silver,8.00,128.00,14900.00,5.00,1.00
Oppo, OPPO A54 ,Refurbished,Crystal Black,4.00,128.00,11789.00,3.00,7.00
Oppo, OPPO A54 ,Refurbished,Starry Blue,6.00,128.00,12999.00,3.00,15.00
Oppo, Oppo Reno6 5G ,Refurbished,Stellar Black,8.00,128.00,19999.00,4.00,82.00
Oppo, OPPO A76 ,Refurbished,Glowing Blue,6.00,128.00,13499.00,3.00,35.00
Oppo, OPPO A54 ,Refurbished,Crystal Black,6.00,128.00,11899.00,3.00,40.00
Oppo, OPPO K10 ,Refurbished,Black Carbon,8.00,128.00,13999.00,3.00,3.00
Oppo, OPPO A78 ,Refurbished,Aqua Green,8.00,128.00,13173.00,3.00,3.00
Oppo, OPPO A31 ,Refurbished,Mystery Black,4.00,64.00,9348.00,2.00,2.00
Oppo, OPPO Reno8 Pro 5G ,Refurbished,Glazed Green,12.00,256.00,26999.00,5.00,1.00
Oppo, Oppo A17k ,Refurbished,Gold,3.00,64.00,7499.00,5.00,1.00
Oppo, Oppo Reno2 F ,Refurbished,Lake Green,6.00,256.00,14899.00,4.00,14.00
Oppo, OPPO A15 ,Refurbished,Mystery Blue,2.00,32.00,7399.00,4.00,7.00
Oppo,OPPO A53 ,New,Fairy White,4.00,64.00,10999.00,4.00,4364.00
Oppo, realme narzo 50i ,Refurbished,Carbon Black,4.00,64.00,6290.00,4.00,75.00
Oppo,OPPO A12 ,New,Deep Blue,3.00,32.00,8499.00,4.00,2.00
Oppo, Find N2 Flip ,Refurbished,Astral Black),8.00,256.00,64999.00,4.00,2.00
Oppo, Oppo A83 ,New,Black,4.00,32.00,8044.00,4.00,10.00
Oppo, OPPO A9 2020 ,Refurbished,Marine Green,8.00,128.00,10699.00,3.00,101.00
Oppo, OPPO F11 ,Refurbished,Fluorite Purple,6.00,128.00,10999.00,4.00,60.00
Oppo, Oppo F5 ,Refurbished,Red,6.00,64.00,8299.00,2.00,16.00
Oppo, OPPO A55 ,Refurbished,Mint Green,4.00,64.00,9999.00,4.00,76.00
Oppo, OPPO A9 2020 ,Refurbished,Marine Green,4.00,128.00,9399.00,3.00,101.00
Oppo, Oppo A53 ,Refurbished,Mint Cream,4.00,64.00,11290.00,4.00,4.00
Oppo,OPPO A12 ,New,Deep Blue,4.00,64.00,10499.00,4.00,56.00
Oppo, OPPO F19 Pro ,Refurbished,Fantastic Purple,8.00,128.00,13399.00,4.00,226.00
Oppo, OPPO F19 ,Refurbished,Space Silver,6.00,128.00,12299.00,3.00,11.00
Oppo, Oppo A37F ,New,Grey,16.00,na,5999.00,3.00,7.00
Oppo, Oppo A77s ,Refurbished,Sunset Orange,8.00,128.00,11185.00,4.00,3.00
Oppo, Oppo A57 ,Refurbished,Glowing Gold,4.00,64.00,12199.00,4.00,3.00
Oppo, OPPO Reno3 Pro ,Refurbished,Auroral Blue,8.00,128.00,21999.00,4.00,56.00
Oppo, realme 9i ,Refurbished,Prism Blue,4.00,64.00,7599.00,3.00,6.00
Oppo, OPPO F19 Pro ,Refurbished,Fluid Black,8.00,256.00,17999.00,4.00,226.00
Oppo, OPPO F11 ,Refurbished,Marble Green,4.00,128.00,10999.00,4.00,42.00
Oppo, realme 8s 5G ,Refurbished,Universe Purple,6.00,128.00,13979.00,3.00,21.00
Oppo, OPPO F15 ,Refurbished,Blazing Blue,4.00,128.00,15499.00,4.00,14.00
Oppo, OPPO A77s ,Refurbished,Starry Black,8.00,128.00,11499.00,4.00,3.00
Oppo, Oppo F15 ,Refurbished,Blazing Blue,4.00,128.00,11290.00,4.00,14.00
Oppo,Oppo Reno8 5G ,New,Shimmer Gold,8.00,128.00,29999.00,4.00,202.00
Oppo, OPPO F11 ,Refurbished,Marble Green,4.00,128.00,15200.00,4.00,42.00
Oppo, OPPO F21s Pro 5G ,Refurbished,Starlight Black,8.00,128.00,17999.00,3.00,15.00
Oppo, OPPO A77 ,Refurbished,Sky Blue,4.00,128.00,11898.00,3.00,4.00
Oppo, OPPO A76 ,Refurbished,Glowing Black,6.00,128.00,12980.00,3.00,35.00
Oppo, OPPO F19 Pro ,Refurbished,Crystal Silver,8.00,256.00,17999.00,4.00,226.00
Oppo, OPPO F19 Pro ,Refurbished,Fantastic Purple,8.00,256.00,17899.00,4.00,226.00
Oppo, Realme narzo 30A ,Refurbished,Laser Blue,3.00,32.00,6999.00,4.00,24.00
Oppo, realme C11 2021 ,Refurbished,Cool Blue,4.00,64.00,7190.00,3.00,35.00
Oppo, OPPO A77 ,Refurbished,Sunset Orange,4.00,128.00,11999.00,4.00,4.00
Oppo, OPPO F15 ,Refurbished,Blazing Blue,8.00,128.00,14699.00,4.00,15.00
Oppo, OPPO A5S ,Refurbished,Gold,4.00,64.00,7599.00,3.00,4.00
Oppo, Realme X7 ,Refurbished,Nebula,6.00,128.00,13350.00,4.00,78.00
Oppo, Realme 8 ,Refurbished,Cyber Silver,6.00,128.00,12999.00,4.00,50.00
Oppo, OPPO F11 ,Refurbished,Marble Green,6.00,128.00,10999.00,4.00,60.00
Oppo, Realme GT 5G Master Edition ,Refurbished,Daybreak Blue,8.00,256.00,23999.00,4.00,21.00
Oppo, Oppo A17 ,Refurbished,Midnight Black,4.00,64.00,10190.00,5.00,1.00
Oppo, OPPO K10 ,Refurbished,Blue Flame,6.00,128.00,,3.00,26.00
Oppo, OPPO Reno8 Pro 5G ,Refurbished,Glazed Black,12.00,256.00,27990.00,3.00,6.00
Oppo, OPPO F21s Pro 5G ,Refurbished,Dawnlight Gold,8.00,128.00,19599.00,3.00,17.00
Oppo, OPPO A54 ,Refurbished,Starry Blue,4.00,128.00,12598.00,4.00,3.00
Oppo, Oppo A16k ,Refurbished,White,4.00,64.00,11653.00,3.00,9.00
Oppo, Realme 9 Pro 5G ,Refurbished,Midnight Black,6.00,128.00,15399.00,3.00,12.00
Oppo, OPPO F17 ,Refurbished,Navy Blue,8.00,128.00,14599.00,4.00,16.00
Oppo, OPPO A12 ,Refurbished,Flowing Silver,4.00,64.00,8699.00,5.00,1.00
Oppo, Oppo A54 ,Refurbished,Starry Blue,4.00,128.00,12499.00,3.00,40.00
Oppo, Realme 9 Pro+ 5G ,Refurbished,Aurora Green,6.00,128.00,,4.00,7.00
Oppo, realme 5 Pro ,Refurbished,Crystal Green,6.00,64.00,8690.00,3.00,5.00
Oppo, Realme 5s ,Refurbished,Crystal Blue,4.00,64.00,7290.00,4.00,3.00
Oppo, Realme GT Neo 2 ,Refurbished,Neo Blue,8.00,128.00,,3.00,19.00
Oppo, Realme 8 ,Refurbished,Cyber Black,6.00,128.00,13999.00,4.00,74.00
Oppo, realme Narzo 30 ,Refurbished,Racing Silver,4.00,64.00,10189.00,4.00,37.00
Apple,Apple Apple iPhone 13  ,New, Blue,4.00,128.00,50498.00,4.00,19227.00
Apple,Apple Apple iPhone 13  ,New,Product RED,4.00,128.00,50499.00,4.00,19227.00
Apple,Apple Apple iPhone 13  ,New, Starlight,4.00,128.00,50999.00,4.00,19227.00
Apple,Apple Apple iPhone 15 Pro Max,New, Blue Titanium,8.00,256.00,159900.00,4.00,31.00
Apple,Apple Apple iPhone 13  ,New, Midnight,4.00,128.00,50749.00,4.00,19227.00
Apple,Apple iPhone 15   ,New, Pink,6.00,128.00,79900.00,4.00,97.00
Apple,Apple iPhone 15 Pro Max ,New,natural Titanium,8.00,1.00,199900.00,4.00,31.00
Apple,Apple iPhone 13   ,New, Pink,4.00,128.00,50749.00,4.00,19227.00
Apple,Apple iPhone 13   ,New, Midnight,4.00,128.00,50749.00,4.00,19227.00
Apple,Apple iPhone 13   ,New, Starlight,4.00,128.00,50999.00,4.00,19227.00
Apple,Apple iPhone 13   ,New,Product RED,4.00,128.00,50499.00,4.00,19227.00
Apple,Apple iPhone 15 Pro Max ,New,Starlight,8.00,256.00,159900.00,4.00,31.00
Apple,Apple iPhone 13   ,New, Blue,4.00,128.00,50498.00,4.00,19227.00
Apple,Apple iPhone 15   ,New, Blue,6.00,128.00,79900.00,4.00,97.00
Apple,Apple iPhone 13   ,New, Green,4.00,128.00,50749.00,4.00,19227.00
Apple,Apple iPhone 15 Pro Max ,New, Blue Titanium,8.00,256.00,159900.00,4.00,31.00
Apple,Apple iPhone 15 Plus  ,New, Black,6.00,128.00,89900.00,4.00,74.00
Apple,Apple iPhone 15   ,New, Blue,6.00,256.00,89900.00,4.00,97.00
Apple,Apple iPhone 15 Plus  ,New, Blue,6.00,128.00,89900.00,4.00,74.00
Apple,Apple iPhone 15   ,New, Green,6.00,128.00,79900.00,4.00,97.00
Apple,Apple iPhone 15   ,New, Black,6.00,128.00,79900.00,4.00,97.00
Apple,Apple iPhone 15 Pro Max ,New, Black Titanium,8.00,1.00,199900.00,4.00,31.00
Apple,Apple iPhone 15   ,New, Pink,6.00,128.00,79900.00,4.00,97.00
Apple,Apple iPhone 15   ,New, Pink,6.00,128.00,79900.00,4.00,97.00
Apple,Apple iPhone 15 Pro Max ,New, Blue Titanium,8.00,1.00,199900.00,4.00,31.00
Apple,Apple iPhone 15 Plus  ,New, Blue,6.00,256.00,99900.00,4.00,74.00
Apple,Apple iPhone 15   ,New, Pink,6.00,256.00,89900.00,4.00,97.00
Apple,Apple iPhone 15 Pro  ,New, Blue Titanium,8.00,256.00,144900.00,3.00,34.00
Apple,Apple iPhone 13   ,New, Midnight,4.00,256.00,60499.00,4.00,19227.00
Apple,Apple iPhone 15 Pro  ,New, Blue Titanium,8.00,128.00,134900.00,3.00,34.00
Apple,Apple iPhone 13   ,New, Blue,4.00,256.00,60499.00,4.00,19227.00
Apple,Apple iPhone 15 Pro Max ,New,natural Titanium,8.00,1.00,199900.00,4.00,31.00
Apple,Apple iPhone 15 Pro Max ,New, Blue Titanium,8.00,1.00,199900.00,4.00,31.00
Apple,Apple iPhone 15   ,New, Yellow,6.00,256.00,89900.00,4.00,97.00
Apple,Apple iPhone 15 Pro  ,New, Blue Titanium,8.00,1.00,184900.00,3.00,34.00
Apple,Apple iPhone 15   ,New, Black,6.00,512.00,109900.00,4.00,97.00
Apple,Apple iPhone 15 Plus  ,New, Yellow,6.00,256.00,99900.00,4.00,74.00
Apple,Apple iPhone 15   ,New, Pink,6.00,512.00,109900.00,4.00,97.00
Apple,Apple iPhone 15 Plus  ,New, Green,6.00,512.00,119900.00,4.00,74.00
Apple,Apple iPhone 14 Pro Max ,New, Gold,6.00,1.00,,4.00,906.00
Apple,Apple iPhone 15 Plus  ,New, Blue,6.00,512.00,119900.00,4.00,74.00
Apple,Apple iPhone 15   ,New, Pink,6.00,128.00,79900.00,4.00,97.00
Apple,Apple iPhone 15 Pro Max ,New, Blue Titanium,8.00,1.00,199900.00,4.00,31.00
Apple,Apple iPhone 13   ,New, Pink,4.00,512.00,69499.00,4.00,19227.00
Apple,Apple iPhone 15 Plus  ,New, Pink,6.00,256.00,99900.00,4.00,74.00
Apple,Apple iPhone 15 Pro  ,New, Blue Titanium,8.00,512.00,164900.00,3.00,34.00
Apple,Apple iPhone 14 Pro  ,New, Silver,6.00,128.00,129900.00,5.00,757.00
Apple,Apple iPhone 13   ,New,Product RED,4.00,256.00,59999.00,4.00,19227.00
Apple,Apple iPhone 14 Pro  ,New, Silver,6.00,256.00,139900.00,5.00,757.00
Apple,Apple iPhone 15 Plus  ,New, Black,6.00,512.00,119900.00,4.00,74.00
Apple,Apple iPhone 15 Pro  ,New,natural Titanium,8.00,256.00,144900.00,3.00,34.00
Apple,Apple iPhone 15 Plus  ,New, Pink,6.00,128.00,89900.00,4.00,74.00
Apple,Apple iPhone 15   ,New, Black,6.00,256.00,89900.00,4.00,97.00
Apple,Apple iPhone 15   ,New, Green,6.00,512.00,109900.00,4.00,97.00
Apple,Apple iPhone 13   ,New, Pink,4.00,256.00,60499.00,4.00,19227.00
Apple,Apple iPhone 13   ,New,Product RED,4.00,512.00,69499.00,4.00,19227.00
Apple,Apple iPhone 15   ,New, Yellow,6.00,128.00,79900.00,4.00,97.00
Apple,Apple iPhone 15 Plus  ,New, Black,6.00,256.00,99900.00,4.00,74.00
Apple,Apple iPhone 15   ,New, Green,6.00,256.00,89900.00,4.00,97.00
Apple,Apple iPhone 15   ,New, Pink,6.00,128.00,79900.00,4.00,97.00
Apple,Apple iPhone 13   ,New, Pink,4.00,128.00,50749.00,4.00,19227.00
Apple,Apple iPhone 14 Pro Max ,New, Silver,6.00,512.00,189900.00,4.00,906.00
Apple,Apple iPhone 15 Plus  ,New, Yellow,6.00,128.00,89900.00,4.00,74.00
Apple,Apple iPhone 15 Plus  ,New, Pink,6.00,512.00,119900.00,4.00,74.00
Apple,Apple iPhone 15   ,New, Blue,6.00,512.00,109900.00,4.00,97.00
Apple,Apple iPhone 15 Pro  ,New, Black Titanium,8.00,128.00,134900.00,3.00,34.00
Apple,Apple iPhone 13   ,New, Starlight,4.00,256.00,60499.00,4.00,19227.00
Apple,Apple iPhone 15 Pro  ,New,natural Titanium,8.00,128.00,134900.00,3.00,34.00
Apple,Apple iPhone 15 Plus  ,New, Yellow,6.00,512.00,119900.00,4.00,74.00
Apple,Apple iPhone 13   ,New, Starlight,4.00,512.00,69499.00,4.00,19227.00
Apple,Apple iPhone 13   ,New, Midnight,4.00,512.00,69499.00,4.00,19227.00
Apple,Apple iPhone 13   ,New, Green,4.00,512.00,69499.00,4.00,19227.00
Apple,Apple iPhone 15 Pro Max ,New, Black Titanium,8.00,256.00,159900.00,4.00,31.00
Apple,Apple iPhone 15 Pro  ,New,natural Titanium,8.00,512.00,164900.00,3.00,34.00
Apple,Apple iPhone 13   ,New, Green,4.00,256.00,60499.00,4.00,19227.00
Apple,Apple iPhone 15 Pro Max ,New, White Titanium,8.00,1.00,,4.00,31.00
Apple,Apple iPhone 14 Pro  ,New, Gold,6.00,128.00,,5.00,757.00
Apple,Apple iPhone 15   ,New, Pink,6.00,128.00,79900.00,4.00,97.00
Apple,Apple iPhone 15 Pro  ,New,natural Titanium,8.00,128.00,134900.00,3.00,34.00
Apple,Apple iPhone 15 Pro  ,New, Black Titanium,8.00,256.00,144900.00,3.00,34.00
Apple,Apple iPhone 15   ,New, Yellow,6.00,512.00,109900.00,4.00,97.00
Apple,Apple iPhone 14 Pro  ,New, Gold,6.00,256.00,,5.00,757.00
Apple,Apple iPhone 13   ,New, Blue,4.00,512.00,69499.00,4.00,19227.00
Apple,Apple iPhone 15 Pro  ,New,natural Titanium,8.00,512.00,184900.00,3.00,34.00
Apple,Apple iPhone 15 Plus  ,New, Green,6.00,128.00,89900.00,4.00,74.00
Apple,Apple iPhone 15 Pro  ,New, White Titanium,8.00,1.00,,3.00,34.00
Apple,i Phone X  ,New,Space Grey,4.00,64.00,91000.00,3.00,34.00
